Supermercado,Producto,Marca,Precio Base,Precio Oferta,Tipo de Oferta
Cordiez,Azucar Fronterita 1 Kg,FRONTERITA,0,0,Sin oferta
Cordiez,Azucar Comun Santa Otilia 1 Kg,SANTA OTILIA,0,0,Sin oferta
Cordiez,Azucar Comun Azucel 1 Kg,AZUCEL,0,0,Sin oferta
Cordiez,Edulcorante Liquido Canuelas 200 Cc,CANUELAS,0,0,Sin oferta
Cordiez,Edulcorante Liquido Clas Forte Hileret 250 Cc,HILERET,0,0,Sin oferta
Cordiez,Edulcorante Liquido Chucker 400 Cc,CHUCKER,0,0,Sin oferta
Cordiez,Azucar Light Doy Pack Hileret 500 Gr,HILERET,0,0,Sin oferta
Cordiez,Edulcorante Liquido Clas Forte Hileret 500 Cc,HILERET,0,0,Sin oferta
Cordiez,Edulcorante En Sobres Stevia Hileret 50 Un,HILERET,0,0,Sin oferta
Cordiez,Edulcorante En Sobres Stevia Equal 100 Un,EQUALSWEET,0,0,Sin oferta
Cordiez,Azucar Molida Clasica Ledesma 1 Kg,LEDESMA,0,0,Sin oferta
Cordiez,Edulcorante En Sobres Stevia Hileret 100 Un,HILERET,0,0,Sin oferta
Cordiez,Edulcorante En Sobres Hileret 50 Un 40 Gr,HILERET,0,0,Sin oferta
Cordiez,Azucar Organica Azucel 1 Kg,AZUCEL,0,0,Sin oferta
Cordiez,Edulcorante Liquido Chucker 200 Cc,CHUCKER,0,0,Sin oferta
Cordiez,Edulcorante En Sobres Tuy La Virginia 50 Un,LA VIRGINIA,0,0,Sin oferta
Cordiez,Endulzante Clasico Pocillo 180 Cc,EL POCILLO,0,0,Sin oferta
Cordiez,Edulcorante Stevia Liquido Tuy 200 Cc,LA VIRGINIA,0,0,Sin oferta
Cordiez,Edulcorante Sucra Liquido Tuy 200 Cc,LA VIRGINIA,0,0,Sin oferta
Cordiez,Edulcorante Sweet Liquido Tuy 200 Cc,LA VIRGINIA,0,0,Sin oferta
Cordiez,Edulcorante Clasico Liquido Tuy 200 Cc,LA VIRGINIA,0,0,Sin oferta
Cordiez,Edulcorante En Sobres Tuy Sucra Equilibrado 50 Un,LA VIRGINIA,0,0,Sin oferta
Cordiez,Edulcorante Stevia En Polvo Sobres Tuy La Virginia 50 Un,LA VIRGINIA,0,0,Sin oferta
Cordiez,Edulcorante En Sobres Con Aspartamo Tuy La Virginia 100 Un,LA VIRGINIA,0,0,Sin oferta
Cordiez,Endulzante Clasico En Polvo Sobres Tuy La Virginia 50 Un,LA VIRGINIA,0,0,Sin oferta
Cordiez,Edulcorante En Sobres Clas Forte Hileret 50 Un,HILERET,0,0,Sin oferta
Cordiez,Edulcorante Mate Hileret 400 Cc,HILERET,0,0,Sin oferta
Cordiez,Edulcorante Liquido Mate Hileret 200 Cc,HILERET,0,0,Sin oferta
Cordiez,Edulcorante Con Stevia Liquido Chucker 200 Cc,CHUCKER,0,0,Sin oferta
Cordiez,Edulcorante Con Stevia Liquido Chucker 400 Cc,CHUCKER,0,0,Sin oferta
Cordiez,Edulcorante Stevia Pocillo 180 Cc,EL POCILLO,0,0,Sin oferta
Cordiez,Edulcorante El Pocillo 180 Cc,EL POCILLO,0,0,Sin oferta
Cordiez,Edulcorante Sucralosa Sucaryl 80 Gr 100 Un,SUCARYL,0,0,Sin oferta
Cordiez,Edulcorante Liquido Con Stevia Hileret 200 Cc,HILERET,0,0,Sin oferta
Cordiez,Edulcorante Sucralosa Sucaryl 40 Gr 50 Un,SUCARYL,0,0,Sin oferta
Cordiez,Edulcorante Liquido Zucra Hileret 200 Cc,HILERET,0,0,Sin oferta
Cordiez,Azucar Mascabo Cosaco 200 Gr,COSACO,0,0,Sin oferta
Cordiez,Endulzante Sucralosa Cero En Sobre Ledesma 48 Un,LEDESMA,0,0,Sin oferta
Cordiez,Endulzante Stevia Sobre Ledesma 200 Un,LEDESMA,0,0,Sin oferta
Cordiez,Edulcorante Liquido Barny 250 Cc,HILERET,0,0,Sin oferta
Cordiez,Edulcorante Barny 500 Cc,HILERET,0,0,Sin oferta
Cordiez,Azucar Mascabo Grandiet 500 Gr,GRANDIET,0,0,Sin oferta
Cordiez,Edulcorante Stevia En Sobre Ledesma 48 Un,LEDESMA,0,0,Sin oferta
Cordiez,Azucar Mascabo Sin Tacc Dicomere 500 Gr,DICOMERE,0,0,Sin oferta
